metrics,x_predicted,x_source,diff percentage
R_squared,0.9971053286124486,0.9972338097737847,-0.00012883755050911258
MAE,0.056406359506482644,0.05792430280701757,-0.02620563782342192
MAPE,0.017963454061710588,0.01876940350494046,-0.04293953417420709
MSE,0.006102592110780573,0.005831726089536842,0.046446972488936436
Max Error,0.397045190358428,0.3096228999999999,0.2823508544052397
