metrics,y_predicted,y_source,diff percentage
R_squared,0.9984814983681483,0.9970491487799131,0.0014365887478946147
MAE,0.03417078445970395,0.04682990549122804,-0.27032130214090094
MAPE,0.019281478307862043,0.030264454308952967,-0.3629001828009795
MSE,0.0022915022094438394,0.004452996262060916,-0.48540217090070126
Max Error,0.2756428807560334,0.34119706000000005,-0.19212996514086803
