metrics,z_predicted,z_source,diff percentage
R_squared,0.16426374679787237,-30.96264985198625,-1.0053052225046344
MAE,0.040279588493638774,0.28377662643156865,-0.8580588225318408
MAPE,0.046665321712295836,0.338360898854244,-0.8620841773670844
MSE,0.0029007161865639373,0.11093760194785804,-0.9738527231918416
Max Error,0.17781485383710982,1.1772701300000001,-0.8489600225930222
